{
	"credit": "Made with Blockbench",
	"ambientocclusion": false,
	"textures": {
		"1": "breakmit/butcher/animals/polarbear"
	},
	"elements": [
		{
			"from": [7, 0, 3],
			"to": [18, 7, 13],
			"rotation": {"angle": 0, "axis": "y", "origin": [11, 8, 15]},
			"faces": {
				"north": {"uv": [7.75, 10.5, 10, 11.625], "rotation": 270, "texture": "#1"},
				"east": {"uv": [10.375, 10.5, 7.875, 11.75], "texture": "#1"},
				"south": {"uv": [6.25, 14.875, 8.5, 15.75], "rotation": 90, "texture": "#1"},
				"west": {"uv": [13, 9, 10, 11.5], "rotation": 180, "texture": "#1"},
				"up": {"uv": [6.125, 10.125, 8.375, 11.5], "rotation": 90, "texture": "#1"},
				"down": {"uv": [1.5, 11.75, 3.125, 13.25], "rotation": 90, "texture": "#1"}
			}
		},
		{
			"from": [-2, -1, 2],
			"to": [9, 8, 14],
			"rotation": {"angle": 0, "axis": "y", "origin": [3, 8, 15]},
			"faces": {
				"north": {"uv": [3.5, 13.125, 6, 14.625], "rotation": 270, "texture": "#1"},
				"east": {"uv": [3.25, 12.875, 1.5, 14.625], "texture": "#1"},
				"south": {"uv": [3.875, 13, 6.125, 14.625], "rotation": 90, "texture": "#1"},
				"west": {"uv": [4.875, 11.5, 3.25, 12.875], "rotation": 180, "texture": "#1"},
				"up": {"uv": [7.625, 10.375, 10.25, 11.75], "rotation": 90, "texture": "#1"},
				"down": {"uv": [1.625, 12.125, 3.125, 13.125], "rotation": 270, "texture": "#1"}
			}
		},
		{
			"from": [11, 7, 4],
			"to": [16, 13, 7],
			"rotation": {"angle": 0, "axis": "z", "origin": [20, 15, 13]},
			"faces": {
				"north": {"uv": [7.25, 11.875, 7.625, 12.875], "rotation": 180, "texture": "#1"},
				"east": {"uv": [7.25, 13.125, 7.875, 14.125], "rotation": 180, "texture": "#1"},
				"south": {"uv": [7.25, 11.875, 7.625, 12.875], "rotation": 180, "texture": "#1"},
				"west": {"uv": [7.25, 11.875, 7.625, 12.875], "rotation": 180, "texture": "#1"},
				"up": {"uv": [7.75, 11.875, 8.25, 12.875], "rotation": 90, "texture": "#1"},
				"down": {"uv": [7.25, 11.875, 7.625, 12.875], "rotation": 180, "texture": "#1"}
			}
		},
		{
			"from": [11, 7, 9],
			"to": [16, 13, 12],
			"rotation": {"angle": 0, "axis": "z", "origin": [20, 15, 18]},
			"faces": {
				"north": {"uv": [7.25, 11.875, 7.625, 12.875], "rotation": 180, "texture": "#1"},
				"east": {"uv": [7.25, 13, 7.75, 14.125], "rotation": 180, "texture": "#1"},
				"south": {"uv": [7.25, 11.875, 7.625, 12.875], "rotation": 180, "texture": "#1"},
				"west": {"uv": [7.25, 11.875, 7.625, 12.875], "rotation": 180, "texture": "#1"},
				"up": {"uv": [7.75, 11.875, 8.25, 12.875], "rotation": 90, "texture": "#1"},
				"down": {"uv": [7.25, 11.875, 7.625, 12.875], "rotation": 180, "texture": "#1"}
			}
		},
		{
			"from": [-1, 8, 3],
			"to": [5, 13, 6],
			"rotation": {"angle": 0, "axis": "z", "origin": [8, 16, 12]},
			"faces": {
				"north": {"uv": [7.375, 10.375, 8.5, 11.875], "rotation": 180, "texture": "#1"},
				"east": {"uv": [7.25, 12.875, 7.75, 14.125], "rotation": 180, "texture": "#1"},
				"south": {"uv": [6.25, 12.875, 7.25, 14.125], "rotation": 180, "texture": "#1"},
				"west": {"uv": [8.5, 12.875, 9.25, 14.125], "rotation": 180, "texture": "#1"},
				"up": {"uv": [7.75, 11.875, 8.25, 12.875], "rotation": 90, "texture": "#1"},
				"down": {"uv": [0, 13, 1, 16], "rotation": 180, "texture": "#1"}
			}
		},
		{
			"from": [-1, 8, 10],
			"to": [5, 13, 13],
			"rotation": {"angle": 0, "axis": "z", "origin": [8, 16, 19]},
			"faces": {
				"north": {"uv": [7.375, 10.375, 8.5, 11.875], "rotation": 180, "texture": "#1"},
				"east": {"uv": [7.25, 12.875, 7.75, 14.125], "rotation": 180, "texture": "#1"},
				"south": {"uv": [6.25, 12.875, 7.25, 14.125], "rotation": 180, "texture": "#1"},
				"west": {"uv": [8.5, 12.875, 9.25, 14.125], "rotation": 180, "texture": "#1"},
				"up": {"uv": [7.75, 11.875, 8.25, 12.875], "rotation": 90, "texture": "#1"},
				"down": {"uv": [0, 13, 1, 16], "rotation": 180, "texture": "#1"}
			}
		},
		{
			"from": [15, 1, 5],
			"to": [17, 4, 10],
			"rotation": {"angle": 0, "axis": "y", "origin": [24, 9, 14]},
			"faces": {
				"north": {"uv": [3, 0.5, 5, 1.25], "texture": "#missing"},
				"east": {"uv": [3, 0.5, 5, 1.25], "texture": "#missing"},
				"south": {"uv": [3, 0.5, 5, 1.25], "texture": "#missing"},
				"west": {"uv": [3, 0.5, 5, 1.25], "texture": "#missing"},
				"up": {"uv": [3, 0.5, 5, 1.25], "texture": "#missing"},
				"down": {"uv": [3, 0.5, 5, 1.25], "texture": "#missing"}
			}
		}
	],
	"display": {
		"thirdperson_righthand": {
			"rotation": [61, -46, -62],
			"translation": [0, 0, 3.5]
		},
		"thirdperson_lefthand": {
			"rotation": [173, 57, -51],
			"translation": [0.25, -0.5, 3.25]
		},
		"firstperson_righthand": {
			"rotation": [59, 48, 15],
			"translation": [-1.25, 0, 0]
		},
		"firstperson_lefthand": {
			"rotation": [83, -119, 0],
			"translation": [-1.75, 1, 1.5]
		},
		"ground": {
			"translation": [0, 5.75, 0]
		},
		"gui": {
			"rotation": [0, 35, 17],
			"scale": [0.6, 0.6, 0.6]
		},
		"head": {
			"scale": [4, 4, 4]
		},
		"fixed": {
			"rotation": [0, 90, -90],
			"translation": [0, 0, -20],
			"scale": [2.5, 2.5, 2.5]
		}
	}
}