{
	"credit": "Made with Blockbench",
	"ambientocclusion": false,
	"textures": {
		"2": "breakmit/butcher/animals/cooked",
		"particle": "breakmit/butcher/animals/cooked"
	},
	"elements": [
		{
			"from": [0, 0, 3],
			"to": [16, 7, 13],
			"rotation": {"angle": 0, "axis": "y", "origin": [8, 8, 15]},
			"faces": {
				"north": {"uv": [9, 12.25, 7, 16], "rotation": 90, "texture": "#2"},
				"east": {"uv": [11.75, 12.25, 9, 10.25], "texture": "#2"},
				"south": {"uv": [9.5, 12.25, 11.5, 16], "rotation": 90, "texture": "#2"},
				"west": {"uv": [7.75, 10.25, 6.25, 12.25], "rotation": 180, "texture": "#2"},
				"up": {"uv": [11, 12, 13.5, 16], "rotation": 90, "texture": "#2"},
				"down": {"uv": [12.5, 12.25, 14.5, 16], "rotation": 90, "texture": "#2"}
			}
		},
		{
			"from": [1, 7, 10],
			"to": [3, 9, 12],
			"rotation": {"angle": 0, "axis": "z", "origin": [10, 15, 18]},
			"faces": {
				"north": {"uv": [2, 13.25, 3, 14.75], "rotation": 180, "texture": "#2"},
				"east": {"uv": [1, 13.25, 2, 14.75], "rotation": 180, "texture": "#2"},
				"south": {"uv": [0, 13.25, 1, 14.75], "rotation": 180, "texture": "#2"},
				"west": {"uv": [3, 13.25, 4, 14.75], "rotation": 180, "texture": "#2"},
				"up": {"uv": [2, 12.25, 3, 13.25], "rotation": 90, "texture": "#2"},
				"down": {"uv": [3, 13.25, 4, 14.75], "rotation": 180, "texture": "#2"}
			}
		},
		{
			"from": [13, 7, 10],
			"to": [15, 9, 12],
			"rotation": {"angle": 0, "axis": "z", "origin": [22, 15, 18]},
			"faces": {
				"north": {"uv": [2, 13.25, 3, 14.75], "rotation": 180, "texture": "#2"},
				"east": {"uv": [1, 13.25, 2, 14.75], "rotation": 180, "texture": "#2"},
				"south": {"uv": [0, 13.25, 1, 14.75], "rotation": 180, "texture": "#2"},
				"west": {"uv": [3, 13.25, 4, 14.75], "rotation": 180, "texture": "#2"},
				"up": {"uv": [2, 12.25, 3, 13.25], "rotation": 90, "texture": "#2"},
				"down": {"uv": [3, 13.25, 4, 14.75], "rotation": 180, "texture": "#2"}
			}
		},
		{
			"from": [1, 7, 4],
			"to": [3, 9, 6],
			"rotation": {"angle": 0, "axis": "z", "origin": [10, 15, 12]},
			"faces": {
				"north": {"uv": [2, 13.25, 3, 14.75], "rotation": 180, "texture": "#2"},
				"east": {"uv": [1, 13.25, 2, 14.75], "rotation": 180, "texture": "#2"},
				"south": {"uv": [0, 13.25, 1, 14.75], "rotation": 180, "texture": "#2"},
				"west": {"uv": [3, 13.25, 4, 14.75], "rotation": 180, "texture": "#2"},
				"up": {"uv": [2, 12.25, 3, 13.25], "rotation": 90, "texture": "#2"},
				"down": {"uv": [3, 13.25, 4, 14.75], "rotation": 180, "texture": "#2"}
			}
		},
		{
			"from": [13, 7, 4],
			"to": [15, 9, 6],
			"rotation": {"angle": 0, "axis": "z", "origin": [22, 15, 12]},
			"faces": {
				"north": {"uv": [2, 13.25, 3, 14.75], "rotation": 180, "texture": "#2"},
				"east": {"uv": [1, 13.25, 2, 14.75], "rotation": 180, "texture": "#2"},
				"south": {"uv": [0, 13.25, 1, 14.75], "rotation": 180, "texture": "#2"},
				"west": {"uv": [3, 13.25, 4, 14.75], "rotation": 180, "texture": "#2"},
				"up": {"uv": [2, 12.25, 3, 13.25], "rotation": 90, "texture": "#2"},
				"down": {"uv": [3, 13.25, 4, 14.75], "rotation": 180, "texture": "#2"}
			}
		},
		{
			"from": [15, 1, 5],
			"to": [17, 4, 10],
			"rotation": {"angle": 0, "axis": "y", "origin": [24, 9, 14]},
			"faces": {
				"north": {"uv": [8.75, 12.5, 10.25, 13.25], "texture": "#2"},
				"east": {"uv": [8.75, 12.5, 10.25, 13.25], "texture": "#2"},
				"south": {"uv": [8.75, 12.5, 10.25, 13.25], "texture": "#2"},
				"west": {"uv": [8.75, 12.5, 10.25, 13.25], "texture": "#2"},
				"up": {"uv": [8.75, 12.5, 10.25, 13.25], "texture": "#2"},
				"down": {"uv": [8.75, 12.5, 10.25, 13.25], "texture": "#2"}
			}
		}
	],
	"display": {
		"thirdperson_righthand": {
			"rotation": [61, -46, -62],
			"translation": [0, 0, 3.5]
		},
		"thirdperson_lefthand": {
			"rotation": [173, 57, -51],
			"translation": [0.25, -0.5, 3.25]
		},
		"firstperson_righthand": {
			"rotation": [59, 48, 15],
			"translation": [-1.25, 0, 0]
		},
		"firstperson_lefthand": {
			"rotation": [83, -119, 0],
			"translation": [-1.75, 1, 1.5]
		},
		"ground": {
			"translation": [0, 5.75, 0]
		},
		"gui": {
			"rotation": [0, 35, 17],
			"scale": [0.6, 0.6, 0.6]
		},
		"head": {
			"scale": [4, 4, 4]
		},
		"fixed": {
			"rotation": [0, 90, -90],
			"translation": [0, 0, -20],
			"scale": [2.5, 2.5, 2.5]
		}
	}
}