{
	"credit": "Made with Blockbench",
	"ambientocclusion": false,
	"textures": {
		"0": "breakmit/butcher/animals/cow",
		"particle": "breakmit/butcher/animals/cow"
	},
	"elements": [
		{
			"from": [0, 0, 3],
			"to": [16, 7, 13],
			"rotation": {"angle": 0, "axis": "y", "origin": [8, 8, 15]},
			"faces": {
				"north": {"uv": [4.5, 11.5, 7, 16], "rotation": 270, "texture": "#0"},
				"east": {"uv": [10, 9, 7, 11.5], "texture": "#0"},
				"south": {"uv": [10.25, 11.5, 12.5, 16], "rotation": 90, "texture": "#0"},
				"west": {"uv": [13, 9, 10, 11.5], "rotation": 180, "texture": "#0"},
				"up": {"uv": [7, 11.5, 10, 16], "rotation": 90, "texture": "#0"},
				"down": {"uv": [12.25, 11.5, 15.25, 16], "rotation": 90, "texture": "#0"}
			}
		},
		{
			"from": [16, 3, 4],
			"to": [18, 12, 6],
			"rotation": {"angle": -22.5, "axis": "z", "origin": [25, 11, 12]},
			"faces": {
				"north": {"uv": [0, 13, 1, 16], "rotation": 180, "texture": "#0"},
				"east": {"uv": [1, 13, 2, 16], "rotation": 180, "texture": "#0"},
				"south": {"uv": [2, 13, 3, 16], "rotation": 180, "texture": "#0"},
				"west": {"uv": [3, 13, 4, 16], "rotation": 180, "texture": "#0"},
				"up": {"uv": [2, 12, 3, 13], "rotation": 270, "texture": "#0"},
				"down": {"uv": [0, 13, 1, 16], "rotation": 180, "texture": "#0"}
			}
		},
		{
			"from": [16, 3, 10],
			"to": [18, 12, 12],
			"rotation": {"angle": -22.5, "axis": "z", "origin": [25, 11, 18]},
			"faces": {
				"north": {"uv": [0, 13, 1, 16], "rotation": 180, "texture": "#0"},
				"east": {"uv": [1, 13, 2, 16], "rotation": 180, "texture": "#0"},
				"south": {"uv": [2, 13, 3, 16], "rotation": 180, "texture": "#0"},
				"west": {"uv": [3, 13, 4, 16], "rotation": 180, "texture": "#0"},
				"up": {"uv": [2, 12, 3, 13], "rotation": 270, "texture": "#0"},
				"down": {"uv": [0, 13, 1, 16], "rotation": 180, "texture": "#0"}
			}
		},
		{
			"from": [-6, 9, 10],
			"to": [-4, 18, 12],
			"rotation": {"angle": 45, "axis": "z", "origin": [3, 17, 18]},
			"faces": {
				"north": {"uv": [0, 13, 1, 16], "rotation": 180, "texture": "#0"},
				"east": {"uv": [1, 13, 2, 16], "rotation": 180, "texture": "#0"},
				"south": {"uv": [2, 13, 3, 16], "rotation": 180, "texture": "#0"},
				"west": {"uv": [3, 13, 4, 16], "rotation": 180, "texture": "#0"},
				"up": {"uv": [2, 12, 3, 13], "rotation": 270, "texture": "#0"},
				"down": {"uv": [0, 13, 1, 16], "rotation": 180, "texture": "#0"}
			}
		},
		{
			"from": [-6, 9, 4],
			"to": [-4, 18, 6],
			"rotation": {"angle": 45, "axis": "z", "origin": [3, 17, 12]},
			"faces": {
				"north": {"uv": [0, 13, 1, 16], "rotation": 180, "texture": "#0"},
				"east": {"uv": [1, 13, 2, 16], "rotation": 180, "texture": "#0"},
				"south": {"uv": [2, 13, 3, 16], "rotation": 180, "texture": "#0"},
				"west": {"uv": [3, 13, 4, 16], "rotation": 180, "texture": "#0"},
				"up": {"uv": [2, 12, 3, 13], "rotation": 270, "texture": "#0"},
				"down": {"uv": [0, 13, 1, 16], "rotation": 180, "texture": "#0"}
			}
		},
		{
			"from": [15, 1, 5],
			"to": [17, 4, 10],
			"rotation": {"angle": 0, "axis": "y", "origin": [24, 9, 14]},
			"faces": {
				"north": {"uv": [3, 0.5, 5, 1.25], "texture": "#0"},
				"east": {"uv": [3, 0.5, 5, 1.25], "texture": "#0"},
				"south": {"uv": [3, 0.5, 5, 1.25], "texture": "#0"},
				"west": {"uv": [3, 0.5, 5, 1.25], "texture": "#0"},
				"up": {"uv": [3, 0.5, 5, 1.25], "texture": "#0"},
				"down": {"uv": [3, 0.5, 5, 1.25], "texture": "#0"}
			}
		}
	],
	"display": {
		"thirdperson_righthand": {
			"rotation": [61, -46, -62],
			"translation": [0, 0, 3.5]
		},
		"thirdperson_lefthand": {
			"rotation": [173, 57, -51],
			"translation": [0.25, -0.5, 3.25]
		},
		"firstperson_righthand": {
			"rotation": [59, 48, 15],
			"translation": [-1.25, 0, 0]
		},
		"firstperson_lefthand": {
			"rotation": [83, -119, 0],
			"translation": [-1.75, 1, 1.5]
		},
		"ground": {
			"translation": [0, 5.75, 0]
		},
		"gui": {
			"rotation": [0, 35, 17],
			"scale": [0.6, 0.6, 0.6]
		},
		"head": {
			"scale": [4, 4, 4]
		},
		"fixed": {
			"rotation": [0, 90, -90],
			"translation": [0, 0, -20],
			"scale": [2.5, 2.5, 2.5]
		}
	}
}