{
	"credit": "Made with Blockbench",
	"ambientocclusion": false,
	"textures": {
		"1": "breakmit/butcher/animals/sheep"
	},
	"elements": [
		{
			"from": [0, 0, 3],
			"to": [16, 7, 13],
			"rotation": {"angle": 0, "axis": "y", "origin": [8, 8, 15]},
			"faces": {
				"north": {"uv": [8.5, 11.5, 10.5, 15.25], "rotation": 270, "texture": "#1"},
				"east": {"uv": [11.75, 12.25, 9, 10.25], "texture": "#1"},
				"south": {"uv": [12, 11.75, 14, 15.75], "rotation": 90, "texture": "#1"},
				"west": {"uv": [12.5, 10.5, 10, 12.5], "rotation": 180, "texture": "#1"},
				"up": {"uv": [9.25, 11.75, 11.75, 15.75], "rotation": 90, "texture": "#1"},
				"down": {"uv": [10, 11.5, 12.25, 15.25], "rotation": 90, "texture": "#1"}
			}
		},
		{
			"from": [13, 6, 4],
			"to": [15, 14, 6],
			"rotation": {"angle": 0, "axis": "z", "origin": [22, 14, 12]},
			"faces": {
				"north": {"uv": [0, 13.25, 1, 16], "rotation": 180, "texture": "#1"},
				"east": {"uv": [1, 13.25, 2, 16], "rotation": 180, "texture": "#1"},
				"south": {"uv": [0, 13.25, 1, 16], "rotation": 180, "texture": "#1"},
				"west": {"uv": [3, 13.25, 4, 16], "rotation": 180, "texture": "#1"},
				"up": {"uv": [2, 12.25, 3, 13.25], "rotation": 270, "texture": "#1"},
				"down": {"uv": [3, 13.25, 4, 14.75], "rotation": 180, "texture": "#1"}
			}
		},
		{
			"from": [13, 6, 10],
			"to": [15, 14, 12],
			"rotation": {"angle": 0, "axis": "z", "origin": [22, 14, 18]},
			"faces": {
				"north": {"uv": [0, 13.25, 1, 16], "rotation": 180, "texture": "#1"},
				"east": {"uv": [1, 13.25, 2, 16], "rotation": 180, "texture": "#1"},
				"south": {"uv": [0, 13.25, 1, 16], "rotation": 180, "texture": "#1"},
				"west": {"uv": [3, 13.25, 4, 16], "rotation": 180, "texture": "#1"},
				"up": {"uv": [2, 12.25, 3, 13.25], "rotation": 270, "texture": "#1"},
				"down": {"uv": [3, 13.25, 4, 14.75], "rotation": 180, "texture": "#1"}
			}
		},
		{
			"from": [1, 6, 4],
			"to": [3, 14, 6],
			"rotation": {"angle": 0, "axis": "z", "origin": [12, 14, 12]},
			"faces": {
				"north": {"uv": [0, 13.25, 1, 16], "rotation": 180, "texture": "#1"},
				"east": {"uv": [1, 13.25, 2, 16], "rotation": 180, "texture": "#1"},
				"south": {"uv": [0, 13.25, 1, 16], "rotation": 180, "texture": "#1"},
				"west": {"uv": [3, 13.25, 4, 16], "rotation": 180, "texture": "#1"},
				"up": {"uv": [2, 12.25, 3, 13.25], "rotation": 270, "texture": "#1"},
				"down": {"uv": [3, 13.25, 4, 14.75], "rotation": 180, "texture": "#1"}
			}
		},
		{
			"from": [1, 6, 10],
			"to": [3, 14, 12],
			"rotation": {"angle": 0, "axis": "z", "origin": [12, 14, 18]},
			"faces": {
				"north": {"uv": [0, 13.25, 1, 16], "rotation": 180, "texture": "#1"},
				"east": {"uv": [1, 13.25, 2, 16], "rotation": 180, "texture": "#1"},
				"south": {"uv": [0, 13.25, 1, 16], "rotation": 180, "texture": "#1"},
				"west": {"uv": [3, 13.25, 4, 16], "rotation": 180, "texture": "#1"},
				"up": {"uv": [2, 12.25, 3, 13.25], "rotation": 270, "texture": "#1"},
				"down": {"uv": [3, 13.25, 4, 14.75], "rotation": 180, "texture": "#1"}
			}
		},
		{
			"from": [15, 1, 5],
			"to": [17, 4, 10],
			"rotation": {"angle": 0, "axis": "y", "origin": [24, 9, 14]},
			"faces": {
				"north": {"uv": [8.75, 12.5, 10.25, 13.25], "texture": "#1"},
				"east": {"uv": [8.75, 12.5, 10.25, 13.25], "texture": "#1"},
				"south": {"uv": [8.75, 12.5, 10.25, 13.25], "texture": "#1"},
				"west": {"uv": [8.75, 12.5, 10.25, 13.25], "texture": "#1"},
				"up": {"uv": [8.75, 12.5, 10.25, 13.25], "texture": "#1"},
				"down": {"uv": [8.75, 12.5, 10.25, 13.25], "texture": "#1"}
			}
		}
	],
	"display": {
		"thirdperson_righthand": {
			"rotation": [61, -46, -62],
			"translation": [0, 0, 3.5]
		},
		"thirdperson_lefthand": {
			"rotation": [173, 57, -51],
			"translation": [0.25, -0.5, 3.25]
		},
		"firstperson_righthand": {
			"rotation": [59, 48, 15],
			"translation": [-1.25, 0, 0]
		},
		"firstperson_lefthand": {
			"rotation": [83, -119, 0],
			"translation": [-1.75, 1, 1.5]
		},
		"ground": {
			"translation": [0, 5.75, 0]
		},
		"gui": {
			"rotation": [0, 35, 17],
			"scale": [0.6, 0.6, 0.6]
		},
		"head": {
			"scale": [2.5, 2.5, 2.5]
		},
		"fixed": {
			"rotation": [0, 90, -90],
			"translation": [0, 0, -20],
			"scale": [2.5, 2.5, 2.5]
		}
	}
}