{
    "type": "minecraft:entity",
    "pools": [
        {
            "rolls": 1,
            "entries": [
                {
                    "type": "minecraft:item",
                    "name": "minecraft:structure_void",
                    "functions": [
                        {
                            "function": "minecraft:set_nbt",
                            "tag": "{breakmit:{temp:1b,no_pickup:1b,butcher:{carcass:1b,type:0b}}}"
                        },
                        {
                            "function" : "minecraft:set_name",
                            "name": "TEMPORARY ITEM PLEASE THROW AWAY"
                        },
                        {
                            "function": "minecraft:set_lore",
                            "lore": [{"text":"you were not supposed to get that"},{"text":"lets say you found an easter egg"}, {"text":"you can put it in a frame to keep it"},{"text":"or throw it to resume normal behavior"}]
                        }
                    ]
                }
            ]
        }
    ]
}